City_ID,City,Country,Date,Lat,Lng,Max Temp,Humidity,Cloudiness,Wind Speed
0,Mataura,NZ,2023-01-04 12:25:17,-46.1927,168.8643,57.67,99,100,2.24
1,Galle,LK,2023-01-04 12:25:18,6.0367,80.217,78.51,72,95,5.03
2,Kapaa,US,2023-01-04 12:25:18,22.0752,-159.319,73.72,95,100,18.41
3,Qaanaaq,GL,2023-01-04 12:25:19,77.484,-69.3632,-22.95,79,8,3.6
4,Kahului,US,2023-01-04 12:20:56,20.8947,-156.47,71.83,89,40,9.22
5,Lebu,CL,2023-01-04 12:25:20,-37.6167,-73.65,59.74,85,36,20.62
6,Kodiak,US,2023-01-04 12:25:20,57.79,-152.4072,33.31,93,100,11.5
7,Tuktoyaktuk,CA,2023-01-04 12:25:21,69.4541,-133.0374,-2.49,99,87,5.32
8,Rikitea,PF,2023-01-04 12:25:21,-23.1203,-134.9692,77.67,77,81,13.04
9,Port Blair,IN,2023-01-04 12:20:55,11.6667,92.75,82.44,74,40,6.91
10,Chapais,CA,2023-01-04 12:25:22,49.7834,-74.8492,8.38,100,97,3.06
11,Manjacaze,MZ,2023-01-04 12:25:23,-24.7117,33.8828,96.58,33,1,5.39
12,Hermanus,ZA,2023-01-04 12:25:24,-34.4187,19.2345,67.8,69,90,12.88
13,Mar Del Plata,AR,2023-01-04 12:24:46,-38.0023,-57.5575,73.83,61,0,6.91
14,Yellowknife,CA,2023-01-04 12:25:25,62.456,-114.3525,7.32,85,100,2.3
15,Bethel,US,2023-01-04 12:25:26,41.3712,-73.414,55.42,95,100,1.99
16,Surt,LY,2023-01-04 12:25:26,31.2089,16.5887,62.06,63,93,7.43
17,Chokurdakh,RU,2023-01-04 12:25:27,70.6333,147.9167,-46.89,100,60,0.76
18,Miles City,US,2023-01-04 12:25:28,46.4083,-105.8406,9.57,92,100,0.0
19,Puerto Ayora,EC,2023-01-04 12:25:30,-0.7393,-90.3518,69.55,97,17,4.99
20,Faanui,PF,2023-01-04 12:25:30,-16.4833,-151.75,81.39,75,100,15.3
21,Bluff,NZ,2023-01-04 12:25:31,-46.6,168.3333,59.23,93,100,6.6
22,Vaini,TO,2023-01-04 12:25:31,-21.2,-175.2,77.16,94,75,9.22
23,Saint-Philippe,RE,2023-01-04 12:25:32,-21.3585,55.7679,85.59,77,75,13.49
24,Bredasdorp,ZA,2023-01-04 12:25:33,-34.5322,20.0403,69.3,60,94,15.35
25,Khatanga,RU,2023-01-04 12:25:33,71.9667,102.5,-38.6,98,100,6.87
26,Husavik,IS,2023-01-04 12:25:33,66.0449,-17.3389,26.8,81,100,1.68
27,Port Alfred,ZA,2023-01-04 12:25:34,-33.5906,26.891,72.18,80,88,10.0
28,Nagai,JP,2023-01-04 12:25:34,38.1036,140.035,27.91,88,50,12.08
29,Avarua,CK,2023-01-04 12:25:35,-21.2078,-159.775,75.25,73,75,3.44
30,Dikson,RU,2023-01-04 12:25:36,73.5069,80.5464,-29.11,100,71,3.53
31,Timra,SE,2023-01-04 12:25:36,62.487,17.3257,22.68,86,100,9.22
32,Coos Bay,US,2023-01-04 12:21:09,43.3665,-124.2179,48.18,88,100,11.5
33,Cidreira,BR,2023-01-04 12:25:36,-30.1811,-50.2056,73.85,70,100,1.61
34,Ushuaia,AR,2023-01-04 12:24:34,-54.8,-68.3,44.26,76,75,20.71
35,Tarko-Sale,RU,2023-01-04 12:25:37,64.9225,77.785,5.18,96,100,10.25
36,Pasni,PK,2023-01-04 12:25:38,25.2631,63.471,70.72,26,2,5.44
37,Sur,OM,2023-01-04 12:25:38,22.5667,59.5289,72.21,40,2,14.85
38,Yerofey Pavlovich,RU,2023-01-04 12:25:38,53.9667,121.9667,-6.92,95,99,2.91
39,Norman Wells,CA,2023-01-04 12:25:39,65.282,-126.8329,-12.96,77,20,0.0
40,Shimoda,JP,2023-01-04 12:25:39,34.6667,138.95,39.11,67,0,14.58
41,Dicabisagan,PH,2023-01-04 12:25:40,17.0818,122.4157,74.98,88,100,14.09
42,Baiyin,CN,2023-01-04 12:25:40,36.5583,104.2081,26.92,44,96,1.1
43,Wajir,KE,2023-01-04 12:25:41,1.7471,40.0573,94.96,26,40,12.66
44,Muisne,EC,2023-01-04 12:25:41,0.6,-80.0333,74.25,87,99,3.96
45,Buri,BR,2023-01-04 12:26:42,-23.7975,-48.5928,68.85,97,100,4.54
46,Lagoa,PT,2023-01-04 12:26:42,39.05,-27.9833,60.8,81,53,27.94
47,Esperance,AU,2023-01-04 12:26:43,-33.8667,121.9,63.55,78,0,22.1
48,Lavrentiya,RU,2023-01-04 12:26:43,65.5833,-171.0,-3.01,95,100,6.08
49,Deputatskiy,RU,2023-01-04 12:26:43,69.3,139.9,-37.84,98,18,2.35
50,Ribeira Grande,PT,2023-01-04 12:26:44,38.5167,-28.7,64.8,88,75,18.99
51,Geraldton,AU,2023-01-04 12:26:44,-28.7667,114.6,81.01,54,28,17.27
52,Ponta Do Sol,PT,2023-01-04 12:26:45,32.6667,-17.1,68.63,61,51,7.72
53,Port Hedland,AU,2023-01-04 12:26:45,-20.3167,118.5667,86.05,70,95,14.97
54,Kavaratti,IN,2023-01-04 12:26:45,10.5669,72.642,80.83,66,15,5.41
55,Venado Tuerto,AR,2023-01-04 12:26:46,-33.7456,-61.9688,79.77,24,4,2.53
56,Hobart,AU,2023-01-04 12:26:46,-42.8794,147.3294,55.26,82,20,4.61
57,Kaitangata,NZ,2023-01-04 12:26:46,-46.2817,169.8464,57.74,96,100,2.48
58,Busselton,AU,2023-01-04 12:26:47,-33.65,115.3333,73.15,52,32,10.78
59,Crest Hill,US,2023-01-04 12:26:47,41.5547,-88.0987,38.48,92,100,4.61
60,Eureka,US,2023-01-04 12:24:55,40.8021,-124.1637,54.79,84,100,10.09
61,Cherskiy,RU,2023-01-04 12:26:48,68.75,161.3,-48.82,100,52,2.57
62,Leshukonskoye,RU,2023-01-04 12:26:48,64.8989,45.7622,-3.68,98,100,4.9
63,Taoudenni,ML,2023-01-04 12:26:48,22.6783,-3.9836,75.58,13,0,12.8
64,Nikolskoye,RU,2023-01-04 12:26:49,59.7035,30.7861,25.81,96,99,4.38
65,Tiksi,RU,2023-01-04 12:26:49,71.6872,128.8694,-25.13,100,100,2.01
66,Tuatapere,NZ,2023-01-04 12:26:49,-46.1333,167.6833,58.82,86,100,2.26
67,Hearst,CA,2023-01-04 12:26:50,49.6835,-83.6665,-1.59,100,100,4.56
68,Abha,SA,2023-01-04 12:22:37,18.2164,42.5053,67.82,30,40,21.85
69,Saint George,US,2023-01-04 12:24:39,37.1041,-113.5841,38.43,91,100,3.44
70,Albany,US,2023-01-04 12:26:38,42.6001,-73.9662,38.26,94,100,1.99
71,Asau,RO,2023-01-04 12:26:51,46.4333,26.4,43.72,86,99,2.93
72,Sao Joao Da Barra,BR,2023-01-04 12:24:48,-21.6403,-41.0511,82.49,79,95,9.37
73,Severo-Kurilsk,RU,2023-01-04 12:26:51,50.6789,156.125,16.75,54,12,2.15
74,Inhambane,MZ,2023-01-04 12:26:52,-23.865,35.3833,87.78,55,40,6.91
75,Leningradskiy,RU,2023-01-04 12:26:52,69.3833,178.4167,-15.75,90,100,17.07
76,Punta Arenas,CL,2023-01-04 12:24:55,-53.15,-70.9167,53.71,64,0,27.63
77,Banda Aceh,ID,2023-01-04 12:26:53,5.5577,95.3222,78.85,83,93,13.09
78,Sao Filipe,CV,2023-01-04 12:26:53,14.8961,-24.4956,77.67,54,98,11.95
79,Magole,TZ,2023-01-04 12:26:54,-6.3667,37.3667,90.95,39,21,7.02
80,Kandrian,PG,2023-01-04 12:26:54,-6.2167,149.55,79.09,82,100,15.93
81,Saint-Augustin,CA,2023-01-04 12:26:54,51.226,-58.6502,26.71,96,100,11.74
82,Sydney,AU,2023-01-04 12:26:15,-33.8679,151.2073,65.61,90,75,28.77
83,Emerald,AU,2023-01-04 12:26:55,-23.5333,148.1667,76.33,78,90,17.49
84,Tilichiki,RU,2023-01-04 12:26:55,60.4667,166.1,-20.69,88,5,10.87
85,Xai-Xai,MZ,2023-01-04 12:26:55,-25.0519,33.6442,88.12,52,1,11.27
86,Batagay-Alyta,RU,2023-01-04 12:26:56,67.8006,130.4114,-31.07,97,92,2.35
87,Rosarito,MX,2023-01-04 12:26:57,32.3333,-117.0333,58.24,86,100,9.15
88,Hithadhoo,MV,2023-01-04 12:26:57,-0.6,73.0833,80.8,73,18,11.41
89,Pisco,PE,2023-01-04 12:26:57,-13.7,-76.2167,68.05,88,100,2.3
90,Bireun,ID,2023-01-04 12:26:58,5.203,96.7009,78.39,85,93,2.84
91,Acapulco,MX,2023-01-04 12:22:58,16.8634,-99.8901,73.22,78,20,6.91
92,Salalah,OM,2023-01-04 12:27:59,17.0151,54.0924,80.69,61,75,10.36
93,Saskylakh,RU,2023-01-04 12:27:59,71.9167,114.0833,-46.68,100,87,4.45
94,Thompson,CA,2023-01-04 12:27:59,55.7435,-97.8558,10.56,85,100,2.3
95,Teya,RU,2023-01-04 12:28:00,60.3778,92.6267,-3.51,100,99,1.81
96,Acolla,PE,2023-01-04 12:28:00,-11.7319,-75.5463,50.47,78,100,2.39
97,Shamary,RU,2023-01-04 12:28:01,57.3434,58.2199,3.78,97,100,1.19
98,New Norfolk,AU,2023-01-04 12:28:01,-42.7826,147.0587,54.9,69,46,1.23
99,Hudiksvall,SE,2023-01-04 12:28:01,61.729,17.1036,23.99,92,100,8.39
100,Jamestown,US,2023-01-04 12:28:02,42.097,-79.2353,56.01,71,100,4.61
101,Cape Town,ZA,2023-01-04 12:27:45,-33.9258,18.4232,73.11,59,75,18.41
102,Srednekolymsk,RU,2023-01-04 12:28:02,67.45,153.6833,-27.45,96,100,3.69
103,Labuhan,ID,2023-01-04 12:28:03,-6.8844,112.2051,79.3,83,99,13.18
104,Iqaluit,CA,2023-01-04 12:28:03,63.7506,-68.5145,-4.27,83,100,12.66
105,Souillac,MU,2023-01-04 12:28:04,-20.5167,57.5167,82.78,78,75,5.75
106,Kruisfontein,ZA,2023-01-04 12:28:04,-34.0033,24.7314,69.89,65,100,18.37
107,Rocha,UY,2023-01-04 12:28:05,-34.4833,-54.3333,74.03,56,2,14.7
108,Olafsvik,IS,2023-01-04 12:28:05,64.8945,-23.7142,31.53,63,34,6.55
109,Okhotsk,RU,2023-01-04 12:28:06,59.3833,143.3,1.83,81,92,14.32
110,Camacari,BR,2023-01-04 12:27:57,-12.6975,-38.3242,82.17,76,46,4.72
111,Wucheng,CN,2023-01-04 12:28:06,29.6008,118.175,47.79,78,52,2.77
112,Rongcheng,CN,2023-01-04 12:28:06,30.634,117.8517,46.99,66,6,2.62
113,Mirnyy,RU,2023-01-04 12:28:07,62.5353,113.9611,-24.77,74,79,8.99
114,Carnarvon,AU,2023-01-04 12:28:07,-24.8667,113.6333,77.23,87,37,11.81
115,Raudeberg,NO,2023-01-04 12:28:07,61.9875,5.1352,41.86,56,100,5.08
116,Atuona,PF,2023-01-04 12:28:08,-9.8,-139.0333,78.1,72,27,19.69
117,Ancud,CL,2023-01-04 12:28:08,-41.8697,-73.8203,56.73,85,100,4.12
118,Shingu,JP,2023-01-04 12:28:09,33.7333,135.9833,41.95,57,5,8.1
119,Boffa,GN,2023-01-04 12:28:09,10.1667,-14.0333,92.5,28,0,2.21
120,Pangnirtung,CA,2023-01-04 12:28:10,66.1451,-65.7125,-2.2,84,100,6.91
121,Palembang,ID,2023-01-04 12:28:10,-2.9167,104.7458,78.89,83,20,4.61
122,Iranshahr,IR,2023-01-04 12:28:11,27.2025,60.6848,70.14,11,0,0.0
123,Putina,PE,2023-01-04 12:28:11,-15.4667,-69.4333,47.32,75,97,4.61
124,Manaquiri,BR,2023-01-04 12:28:12,-3.3167,-60.35,77.49,84,95,1.21
125,Zhigansk,RU,2023-01-04 12:28:12,66.7697,123.3711,-18.63,97,100,6.04
126,Provideniya,RU,2023-01-04 12:28:12,64.3833,-173.3,-3.06,94,95,7.16
127,Turukhansk,RU,2023-01-04 12:28:13,65.8167,87.9833,-20.22,93,93,7.07
128,Yumen,CN,2023-01-04 12:28:13,40.2833,97.2,23.04,37,27,5.61
129,Akdepe,TM,2023-01-04 12:28:14,42.0551,59.3788,57.29,53,10,7.7
130,Sampit,ID,2023-01-04 12:28:14,-2.5333,112.95,75.09,94,100,4.63
131,Castro,BR,2023-01-04 12:28:14,-24.7911,-50.0119,63.77,99,100,4.65
132,Rio Grande,BR,2023-01-04 12:28:15,-32.035,-52.0986,77.11,47,7,6.44
133,Vostok,RU,2023-01-04 12:28:15,46.4856,135.8833,-6.95,98,99,5.7
134,Notre-Dame-Du-Lac,CA,2023-01-04 12:28:16,47.6136,-68.7964,27.88,98,100,2.51
135,Narsaq,GL,2023-01-04 12:28:16,60.9167,-46.05,3.42,70,100,12.17
136,Barrow,US,2023-01-04 12:24:01,71.2906,-156.7887,8.62,85,100,13.8
137,Presidencia Roque Saenz Pena,AR,2023-01-04 12:27:19,-26.7852,-60.4388,73.31,43,1,6.69
138,Adrar,MR,2023-01-04 12:29:17,20.5022,-10.0711,72.3,12,0,15.68
139,Bambous Virieux,MU,2023-01-04 12:29:18,-20.3428,57.7575,84.22,78,75,5.75
140,Malakal,SS,2023-01-04 12:29:18,9.5334,31.6605,94.44,21,2,9.22
141,San Patricio,US,2023-01-04 12:29:21,28.017,-97.5169,58.84,55,34,6.64
142,Mnogovershinnyy,RU,2023-01-04 12:29:22,53.9353,139.9242,-5.39,96,94,5.39
143,Tugulym,RU,2023-01-04 12:29:22,57.0591,64.6425,0.32,99,90,0.27
144,Limoux,FR,2023-01-04 12:29:23,42.9167,2.1667,53.96,61,71,5.91
145,Gazanjyk,TM,2023-01-04 12:29:23,39.2446,55.5154,63.77,29,0,5.12
146,Mgandu,TZ,2023-01-04 12:29:24,-5.95,34.1333,76.06,49,56,4.85
147,Hasaki,JP,2023-01-04 12:29:25,35.7333,140.8333,36.21,44,57,14.54
148,Vao,NC,2023-01-04 12:29:25,-22.6667,167.4833,75.74,68,76,3.76
149,Pevek,RU,2023-01-04 12:29:26,69.7008,170.3133,-30.21,94,100,5.17
150,Bud,US,2023-01-04 12:29:27,39.447,-86.1758,48.22,84,100,5.53
151,Luderitz,NA,2023-01-04 12:29:28,-26.6481,15.1594,74.12,60,11,27.31
152,Jieshi,CN,2023-01-04 12:29:28,22.8134,115.8257,60.15,81,19,21.83
153,Coquimbo,CL,2023-01-04 12:29:29,-29.9533,-71.3436,62.33,88,100,5.75
154,Laguna,US,2023-01-04 12:29:29,38.421,-121.4238,49.78,95,100,10.36
155,Fairbanks,US,2023-01-04 12:25:00,64.8378,-147.7164,-7.64,77,20,3.44
156,Olinda,BR,2023-01-04 12:29:31,-8.0089,-34.8553,83.93,61,40,8.05
157,Churapcha,RU,2023-01-04 12:29:32,62.0025,132.4325,-22.54,98,100,5.28
158,Itarema,BR,2023-01-04 12:29:34,-2.9248,-39.9167,84.69,63,32,16.53
159,Dwarka,IN,2023-01-04 12:29:35,22.2394,68.9678,72.84,31,0,17.09
160,Teluk Nibung,ID,2023-01-04 12:29:35,3.001,99.8164,78.31,84,100,4.25
161,Arman,RU,2023-01-04 12:29:36,59.7,150.1667,-4.99,78,93,9.37
162,Hambantota,LK,2023-01-04 12:29:36,6.1241,81.1185,81.19,71,65,17.52
163,Valparaiso,CL,2023-01-04 12:29:36,-33.0393,-71.6273,65.48,97,100,8.05
164,Karanganyar,ID,2023-01-04 12:29:36,-6.7072,111.0834,76.73,88,83,6.64
165,Mudanjiang,CN,2023-01-04 12:29:37,44.5833,129.6,-5.24,95,4,3.91
166,Hilo,US,2023-01-04 12:29:37,19.7297,-155.09,70.25,74,100,6.91
167,Lasa,IT,2023-01-04 12:29:37,46.6166,10.7002,50.88,59,28,2.13
168,Nizhnyaya Tavda,RU,2023-01-04 12:29:38,57.6731,66.1725,-7.82,100,65,3.91
169,Richards Bay,ZA,2023-01-04 12:29:38,-28.783,32.0377,90.79,51,2,12.57
170,Berlevag,NO,2023-01-04 12:29:38,70.8578,29.0864,31.95,74,75,11.5
171,Ishinomaki,JP,2023-01-04 12:29:39,38.4167,141.3,35.6,69,13,20.69
172,Collie,AU,2023-01-04 12:29:39,-33.3667,116.15,74.01,27,3,5.64
173,Chuy,UY,2023-01-04 12:29:39,-33.6971,-53.4616,74.25,47,7,9.44
174,Butaritari,KI,2023-01-04 12:29:40,3.0707,172.7902,80.87,76,69,15.39
175,Ciudad Bolivar,VE,2023-01-04 12:29:40,8.1222,-63.5497,74.71,84,97,8.37
176,Padang,ID,2023-01-04 12:29:40,-0.9492,100.3543,80.65,82,94,0.87
177,Mount Gambier,AU,2023-01-04 12:29:41,-37.8333,140.7667,53.01,81,3,6.82
178,Ongandjera,NA,2023-01-04 12:29:41,-17.8833,15.0667,66.07,84,100,12.59
179,Yulara,AU,2023-01-04 12:29:42,-25.2406,130.9889,69.46,55,100,13.27
180,Norden,DE,2023-01-04 12:29:42,53.6,7.2,54.14,97,99,1.99
181,Makubetsu,JP,2023-01-04 12:29:43,45.3714,141.8211,22.75,61,100,15.97
182,Palmer,US,2023-01-04 12:29:43,42.1584,-72.3287,45.95,92,100,0.0
183,Cayenne,GF,2023-01-04 12:25:05,4.9333,-52.3333,75.24,94,75,1.14
184,Rio Gallegos,AR,2023-01-04 12:29:43,-51.6226,-69.2181,60.85,44,40,41.43
185,Kalmar,SE,2023-01-04 12:30:44,56.6616,16.3616,40.93,94,100,18.41
186,Sterling,US,2023-01-04 12:27:55,39.0062,-77.4286,60.01,89,40,7.0
187,Saint-Francois,FR,2023-01-04 12:30:44,46.4154,3.9054,45.84,87,100,6.91
188,Broome,US,2023-01-04 12:30:44,42.2506,-75.833,55.85,97,100,6.91
189,Victoria,HK,2023-01-04 12:27:28,22.2855,114.1577,65.25,81,8,12.86
190,Arraial Do Cabo,BR,2023-01-04 12:30:45,-22.9661,-42.0278,85.96,58,0,10.36
191,Ostrovnoy,RU,2023-01-04 12:30:46,68.0531,39.5131,24.51,76,100,25.95
192,Raga,SS,2023-01-04 12:30:46,8.4596,25.678,90.73,19,0,9.8
193,Humaita,BR,2023-01-04 12:30:47,-7.5061,-63.0208,81.3,73,100,3.51
194,Zhigalovo,RU,2023-01-04 12:30:48,54.8097,105.1578,-16.56,100,81,1.25
195,Puteyets,RU,2023-01-04 12:30:48,65.1716,57.091,-5.71,100,98,2.1
196,Camana,PE,2023-01-04 12:30:49,-16.6228,-72.7111,72.57,77,100,5.77
197,Hamilton,US,2023-01-04 12:30:20,39.1834,-84.5333,58.42,95,100,6.91
198,Vila Velha,BR,2023-01-04 12:30:49,-20.3297,-40.2925,82.35,76,40,14.97
199,Upernavik,GL,2023-01-04 12:30:50,72.7868,-56.1549,-19.01,75,66,6.91
200,San Ignacio,BZ,2023-01-04 12:30:50,17.1561,-89.0714,64.54,100,100,4.61
201,Maniitsoq,GL,2023-01-04 12:30:50,65.4167,-52.9,9.52,65,54,9.6
202,Tura,IN,2023-01-04 12:30:51,25.5198,90.2201,58.24,71,0,3.47
203,Paranaiba,BR,2023-01-04 12:30:51,-19.6772,-51.1908,71.29,93,100,8.72
204,Buchanan,LR,2023-01-04 12:30:52,5.8808,-10.0467,87.6,28,6,3.62
205,Nanortalik,GL,2023-01-04 12:30:53,60.1432,-45.2371,25.56,78,100,15.68
206,Hofn,IS,2023-01-04 12:30:53,64.2539,-15.2082,37.42,60,100,13.8
207,Krasnogorsk,RU,2023-01-04 12:30:54,55.8225,37.3181,25.14,80,100,11.18
208,Cabo Rojo,PR,2023-01-04 12:30:54,18.0866,-67.1457,77.22,88,11,1.01
209,Bengkulu,ID,2023-01-04 12:27:12,-3.8004,102.2655,77.95,83,99,5.73
210,Wakkanai,JP,2023-01-04 12:30:55,45.4094,141.6739,24.94,58,100,19.77
211,Preobrazheniye,RU,2023-01-04 12:30:55,42.9019,133.9064,12.25,77,3,10.49
212,Seoul,KR,2023-01-04 12:28:16,37.5683,126.9778,24.4,69,0,2.3
213,Lorengau,PG,2023-01-04 12:30:56,-2.0226,147.2712,78.53,84,100,7.67
214,College,US,2023-01-04 12:30:09,64.8569,-147.8028,6.58,80,20,3.44
215,La Ronge,CA,2023-01-04 12:30:08,55.1001,-105.2842,3.45,78,0,1.14
216,Ponta Delgada,PT,2023-01-04 12:30:57,37.7333,-25.6667,61.52,82,20,12.66
217,Polunochnoye,RU,2023-01-04 12:30:57,60.8697,60.4153,-18.62,100,90,2.37
218,East London,ZA,2023-01-04 12:30:58,-33.0153,27.9116,72.54,78,75,20.71
219,Atar,MR,2023-01-04 12:30:58,20.5169,-13.0499,78.69,10,6,18.01
220,Lumphat,KH,2023-01-04 12:30:58,13.4878,106.9816,77.56,57,100,8.9
221,Ixtapa,MX,2023-01-04 12:30:59,20.7,-105.2,66.22,100,0,0.0
222,Guerrero Negro,MX,2023-01-04 12:29:13,27.9769,-114.0611,56.73,86,39,5.26
223,Lamar,US,2023-01-04 12:30:59,33.6668,-95.5836,39.36,84,0,8.05
224,Gamba,GA,2023-01-04 12:31:00,-2.65,10.0,82.54,72,68,8.5
225,Rawlins,US,2023-01-04 12:31:00,41.7911,-107.2387,17.49,73,40,26.46
226,Majene,ID,2023-01-04 12:31:00,-3.5403,118.9707,79.48,74,94,3.29
227,San Cristobal,VE,2023-01-04 12:31:01,7.7669,-72.225,62.78,76,95,1.25
228,Silale,LT,2023-01-04 12:27:12,55.4906,22.1814,35.37,89,100,7.81
229,San Felipe,VE,2023-01-04 12:31:01,10.3399,-68.7425,73.09,85,97,5.41
230,Paita,PE,2023-01-04 12:31:02,-5.0892,-81.1144,69.35,78,95,6.76
231,Qaqortoq,GL,2023-01-04 12:31:03,60.7167,-46.0333,19.71,70,100,12.64
232,Leiyang,CN,2023-01-04 12:31:04,26.4024,112.8591,51.75,76,0,3.69
233,Port Elizabeth,ZA,2023-01-04 12:27:47,-33.918,25.5701,76.32,65,20,18.41
234,Faya,SA,2023-01-04 12:32:05,18.3851,42.4509,68.11,44,8,10.11
235,Beberibe,BR,2023-01-04 12:32:07,-4.1797,-38.1306,85.26,60,89,13.65
236,Vila Franca Do Campo,PT,2023-01-04 12:32:09,37.7167,-25.4333,61.21,80,100,14.25
237,Harrai,IN,2023-01-04 12:32:11,22.6167,79.2167,58.68,53,0,5.46
238,Kumluca,TR,2023-01-04 12:32:13,36.3703,30.2869,62.96,41,5,3.51
239,Peski,RU,2023-01-04 12:32:14,55.2163,38.7626,15.57,95,13,5.88
240,Sisimiut,GL,2023-01-04 12:32:15,66.9395,-53.6735,5.02,74,35,13.44
241,Puerto Penasco,MX,2023-01-04 12:32:16,31.3167,-113.5333,59.14,65,40,6.73
242,Araouane,ML,2023-01-04 12:32:17,18.9048,-3.5265,78.08,12,1,10.63
243,Georgetown,MY,2023-01-04 12:32:17,5.4112,100.3354,76.95,93,40,2.3
244,Bilibino,RU,2023-01-04 12:32:18,68.0546,166.4372,-43.46,99,51,2.24
245,Tartus,SY,2023-01-04 12:32:19,34.889,35.8866,63.07,40,3,3.76
246,Pak Thong Chai,TH,2023-01-04 12:32:20,14.7226,102.0251,78.66,63,20,4.99
247,Cuenca,EC,2023-01-04 12:32:21,-2.8833,-78.9833,50.13,81,40,2.3
248,Katol,IN,2023-01-04 12:32:21,21.2667,78.5833,67.5,50,100,4.27
249,Yar-Sale,RU,2023-01-04 12:32:22,66.8333,70.8333,4.91,95,100,16.71
250,Cockburn Town,TC,2023-01-04 12:32:23,21.4612,-71.1419,76.96,65,40,11.5
251,Nabire,ID,2023-01-04 12:32:23,-3.3667,135.4833,79.0,88,100,1.54
252,Genhe,CN,2023-01-04 12:32:24,50.7833,121.5167,-25.47,100,94,2.93
253,Klyuchi,RU,2023-01-04 12:32:25,52.2667,79.1667,20.48,90,100,20.49
254,Hlotse,LS,2023-01-04 12:32:26,-28.8718,28.045,74.34,42,88,1.97
255,Maumere,ID,2023-01-04 12:32:27,-8.6199,122.2111,80.2,85,86,7.83
256,Yuci,CN,2023-01-04 12:32:27,37.6803,112.7319,26.35,39,0,2.24
257,Inegol,TR,2023-01-04 12:32:30,40.0781,29.5133,49.28,54,6,4.45
258,Puerto Escondido,MX,2023-01-04 12:32:32,15.85,-97.0667,70.63,88,20,8.05
259,Vung Tau,VN,2023-01-04 12:28:29,10.346,107.0843,78.19,78,100,2.55
260,Klaksvik,FO,2023-01-04 12:32:33,62.2266,-6.589,40.12,84,84,10.27
261,Puerto Del Rosario,ES,2023-01-04 12:32:33,28.5004,-13.8627,71.35,73,20,12.66
262,Matamoros,MX,2023-01-04 12:32:34,25.5333,-103.25,48.67,34,6,2.06
263,Karratha,AU,2023-01-04 12:32:34,-20.7377,116.8463,80.94,73,100,25.08
264,Kyzyl-Suu,KG,2023-01-04 12:32:34,42.3414,78.0056,25.52,71,100,6.08
265,Airai,TL,2023-01-04 12:32:35,-8.9266,125.4092,61.61,87,100,2.77
266,Santa Rosa,PH,2023-01-04 12:32:36,14.3122,121.1114,76.98,95,100,18.81
267,Tighina,MD,2023-01-04 12:32:37,46.8306,29.4711,45.37,55,6,11.27
268,Abu Samrah,SY,2023-01-04 12:32:37,35.3029,37.1841,52.61,32,88,2.51
269,Nouadhibou,MR,2023-01-04 12:32:37,20.931,-17.0347,70.57,49,100,8.12
270,Longyearbyen,SJ,2023-01-04 12:32:38,78.2186,15.6401,30.04,80,75,6.91
271,Grand Gaube,MU,2023-01-04 12:32:39,-20.0064,57.6608,84.38,61,99,8.99
272,Kaduy,RU,2023-01-04 12:32:39,59.2,37.15,14.04,96,98,5.37
273,Havelock,US,2023-01-04 12:32:39,34.8791,-76.9013,69.78,87,100,11.5
274,Kjopsvik,NO,2023-01-04 12:32:39,68.097,16.3742,24.67,81,6,11.21
275,San Quintin,MX,2023-01-04 12:32:40,30.4833,-115.95,56.05,82,82,1.59
276,Svetlogorsk,BY,2023-01-04 12:32:40,52.6333,29.7333,34.0,69,91,9.19
277,Port Moresby,PG,2023-01-04 12:32:40,-9.4431,147.1797,76.42,88,40,8.05
278,Kadhan,PK,2023-01-04 12:33:41,24.481,68.9859,68.41,13,0,11.07
279,Kavieng,PG,2023-01-04 12:33:41,-2.5744,150.7967,80.76,70,100,5.7
280,Saldanha,ZA,2023-01-04 12:33:42,-33.0117,17.9442,75.25,66,67,18.59
281,Hobyo,SO,2023-01-04 12:33:42,5.3505,48.5268,80.01,69,31,22.79
282,Shubarshi,KZ,2023-01-04 12:33:42,48.5872,57.1869,35.8,99,100,15.46
283,Micheweni,TZ,2023-01-04 12:33:43,-4.9667,39.8333,82.99,68,64,14.54
284,Coruripe,BR,2023-01-04 12:33:43,-10.1256,-36.1756,84.88,60,31,12.35
285,Vangaindrano,MG,2023-01-04 12:33:43,-23.35,47.6,76.19,86,100,5.61
286,Feltre,IT,2023-01-04 12:33:44,46.0235,11.907,56.59,99,62,2.75
287,Anadyr,RU,2023-01-04 12:33:44,64.75,177.4833,-10.7,70,20,13.42
288,Ambulu,ID,2023-01-04 12:33:44,-8.345,113.6058,77.14,88,87,7.09
289,Itaituba,BR,2023-01-04 12:32:00,-4.2761,-55.9836,77.16,94,20,0.0
290,Songjianghe,CN,2023-01-04 12:33:45,42.1859,127.479,-1.37,92,5,4.52
291,Te Anau,NZ,2023-01-04 12:33:45,-45.4167,167.7167,59.05,83,100,0.54
292,Bilma,NE,2023-01-04 12:33:45,18.6853,12.9164,73.2,18,0,3.42
293,Namibe,AO,2023-01-04 12:33:46,-15.1961,12.1522,78.82,70,97,8.43
294,Mpika,ZM,2023-01-04 12:33:46,-11.8343,31.4529,75.11,66,100,0.49
295,Salym,RU,2023-01-04 12:33:47,60.0625,71.4789,7.12,97,100,2.33
296,Clyde River,CA,2023-01-04 12:33:47,70.4692,-68.5914,-14.57,76,100,16.11
297,Acarau,BR,2023-01-04 12:33:47,-2.8856,-40.12,86.09,61,31,17.05
298,Atasu,KZ,2023-01-04 12:33:48,48.6814,71.6433,24.49,95,100,21.0
299,Isla Vista,US,2023-01-04 12:33:48,34.4133,-119.861,62.01,72,20,13.8
300,Tete,MZ,2023-01-04 12:33:49,-16.1564,33.5867,96.89,41,75,6.91
301,Merke,KZ,2023-01-04 12:33:49,42.8728,73.1786,33.39,75,100,7.52
302,Umba,RU,2023-01-04 12:33:49,66.6871,34.3429,20.55,86,42,13.04
303,Izhma,RU,2023-01-04 12:33:50,65.0083,53.9113,-7.82,100,95,2.1
304,Khilok,RU,2023-01-04 12:33:50,51.3674,110.4676,-9.71,96,10,2.84
305,Alofi,NU,2023-01-04 12:33:51,-19.0595,-169.9187,73.29,88,100,3.44
306,Anjozorobe,MG,2023-01-04 12:33:51,-18.4,47.8667,74.34,55,92,4.5
307,Kimbe,PG,2023-01-04 12:33:52,-5.5502,150.1429,76.41,91,100,3.0
308,Riyadh,SA,2023-01-04 12:33:52,24.6877,46.7219,60.94,57,100,16.8
309,Ayotzintepec,MX,2023-01-04 12:33:53,17.6667,-96.1333,69.26,70,4,3.89
310,Nome,US,2023-01-04 12:33:53,64.5011,-165.4064,24.87,100,100,10.36
311,Yatsushiro,JP,2023-01-04 12:33:53,32.5,130.6,37.18,53,0,6.11
312,Wamba,NG,2023-01-04 12:33:54,8.9333,8.6,96.85,14,100,12.46
313,Kharp,RU,2023-01-04 12:33:13,66.8014,65.8081,5.16,94,100,14.32
314,Sao Felix Do Xingu,BR,2023-01-04 12:33:54,-6.6447,-51.995,78.42,79,100,3.13
315,Sadao,TH,2023-01-04 12:33:55,6.6388,100.4234,79.56,91,100,5.08
316,Awbari,LY,2023-01-04 12:33:55,26.5921,12.7805,63.28,35,4,9.69
317,Lamu,KE,2023-01-04 12:33:55,-2.2717,40.902,86.22,69,92,17.78
318,Tall Kayf,TR,2023-01-04 12:33:56,37.0833,41.0667,64.74,19,45,1.97
319,Kalabo,ZM,2023-01-04 12:33:56,-14.97,22.6814,67.77,84,100,3.31
320,Weligama,LK,2023-01-04 12:33:56,5.9667,80.4167,76.08,81,17,4.29
321,Rock Sound,BS,2023-01-04 12:33:57,24.9,-76.2,77.41,71,0,15.77
322,Soro,IN,2023-01-04 12:34:57,21.2881,86.6858,67.91,56,0,5.48
323,Posse,BR,2023-01-04 12:34:58,-14.0931,-46.3694,76.5,68,93,4.92
324,Zhumadian,CN,2023-01-04 12:34:58,32.9794,114.0294,43.0,61,11,3.4
325,Sakaiminato,JP,2023-01-04 12:34:58,35.55,133.2333,42.78,56,75,8.05
326,Komsomolskiy,UZ,2023-01-04 12:34:59,40.4272,71.7189,36.32,93,100,4.61
327,Bintulu,MY,2023-01-04 12:34:59,3.1667,113.0333,79.21,88,20,2.3
328,Cap Malheureux,MU,2023-01-04 12:34:59,-19.9842,57.6142,84.47,62,100,10.0
329,Beloha,MG,2023-01-04 12:35:00,-25.1667,45.05,77.85,69,100,4.61
330,Tabuk,PH,2023-01-04 12:35:00,17.4189,121.4443,69.78,93,100,6.22
331,Barstow,US,2023-01-04 12:35:00,34.8986,-117.0228,47.16,82,100,5.55
332,Arlit,NE,2023-01-04 12:35:01,18.7369,7.3853,77.97,12,29,5.84
333,Codrington,AU,2023-01-04 12:35:02,-38.2667,141.9667,58.86,65,98,14.07
334,Avera,US,2023-01-04 12:35:02,33.194,-82.5271,67.51,95,100,14.27
335,Kaeo,NZ,2023-01-04 12:35:03,-35.1,173.7833,69.33,98,100,11.1
336,Vanimo,PG,2023-01-04 12:35:04,-2.6741,141.3028,78.85,84,100,2.98
337,Matara,LK,2023-01-04 12:33:32,5.9485,80.5353,75.88,84,15,5.21
338,Zalantun,CN,2023-01-04 12:35:06,48.0,122.7167,-3.06,83,1,5.12
339,Tessalit,ML,2023-01-04 12:35:09,20.1986,1.0114,76.51,13,0,10.29
340,Takoradi,GH,2023-01-04 12:35:10,4.8845,-1.7554,86.38,53,98,8.7
341,Penzance,GB,2023-01-04 12:35:11,50.1186,-5.5371,54.28,100,20,14.97
342,Hovd,MN,2023-01-04 12:35:12,48.0056,91.6419,2.28,83,100,2.82
343,Quang Ngai,VN,2023-01-04 12:33:34,15.1167,108.8,67.71,95,100,6.29
344,Vazante,BR,2023-01-04 12:35:12,-17.9869,-46.9078,77.32,74,100,5.53
345,Santa Maria,BR,2023-01-04 12:31:50,-29.6842,-53.8069,76.3,57,0,2.3
346,Namatanai,PG,2023-01-04 12:35:14,-3.6667,152.4333,79.57,80,100,9.71
347,Anloga,GH,2023-01-04 12:35:15,5.7947,0.8973,85.26,38,35,7.65
348,Frutal,BR,2023-01-04 12:34:03,-20.0247,-48.9406,73.13,87,100,11.86
349,Russell,US,2023-01-04 12:30:27,32.3502,-85.1999,63.68,88,100,6.91
350,Detroit,US,2023-01-04 12:33:03,42.3314,-83.0458,47.25,96,100,4.61
351,Mazara Del Vallo,IT,2023-01-04 12:35:18,37.6641,12.588,62.92,70,3,8.23
352,Madang,PG,2023-01-04 12:35:19,-5.2246,145.7966,76.44,92,100,3.18
353,Blacksburg,US,2023-01-04 12:35:20,37.2296,-80.4139,60.1,95,75,0.0
354,Sabang,ID,2023-01-04 12:35:20,5.8933,95.3214,80.58,79,95,18.19
355,Sume,BR,2023-01-04 12:35:21,-7.6717,-36.88,83.71,49,17,10.83
356,Tasiilaq,GL,2023-01-04 12:35:22,65.6145,-37.6368,14.16,73,91,5.99
357,Vestmanna,FO,2023-01-04 12:35:22,62.1564,-7.1664,38.32,100,100,0.0
358,Hami,CN,2023-01-04 12:35:23,42.8,93.45,23.4,48,100,6.11
359,Lokosovo,RU,2023-01-04 12:35:23,61.1333,74.8167,4.12,96,33,7.67
360,Spokane,US,2023-01-04 12:30:30,47.6166,-117.3677,28.81,87,100,1.01
361,Coihueco,CL,2023-01-04 12:35:27,-36.6167,-71.8333,61.54,63,0,12.66
362,Hollola,FI,2023-01-04 12:35:28,61.05,25.4333,12.72,98,79,3.44
363,Manacapuru,BR,2023-01-04 12:35:29,-3.2997,-60.6206,78.98,84,67,2.3
364,Torbay,CA,2023-01-04 12:35:30,47.6666,-52.7314,33.28,88,100,13.8
365,Gat,IL,2023-01-04 12:35:04,31.61,34.7642,67.82,100,50,8.7
366,Hanyang,CN,2023-01-04 12:35:31,32.1371,105.5126,45.1,60,49,1.07
367,Sitka,US,2023-01-04 12:34:53,57.0531,-135.33,44.49,61,75,13.8
368,Lucapa,AO,2023-01-04 12:35:33,-8.4192,20.7447,80.71,62,16,2.66
369,Capanema,BR,2023-01-04 12:35:33,-1.1958,-47.1808,84.16,67,11,6.69
370,Tamandare,BR,2023-01-04 12:35:34,-8.7597,-35.1047,83.3,62,8,8.52
371,Gediz,TR,2023-01-04 12:40:32,39.0417,29.41,55.85,29,6,6.11
372,Cabo San Lucas,MX,2023-01-04 12:39:10,22.8909,-109.9124,63.52,83,0,4.23
373,Luau,AO,2023-01-04 12:40:32,-10.7073,22.2247,78.55,60,33,4.56
374,Severnyy-Kospashskiy,RU,2023-01-04 12:40:33,59.0925,57.8008,-10.39,82,100,2.39
375,Paamiut,GL,2023-01-04 12:40:33,61.994,-49.6678,22.64,81,100,14.41
376,El Espinal,MX,2023-01-04 12:40:34,16.3333,-94.0667,66.9,79,2,4.54
377,Vestmannaeyjar,IS,2023-01-04 12:40:34,63.4427,-20.2734,31.19,74,0,17.27
378,Steenbergen,NL,2023-01-04 12:40:35,51.5842,4.3194,55.06,88,75,14.97
379,Talara,PE,2023-01-04 12:39:25,-4.5772,-81.2719,72.36,73,0,16.11
380,Kattivakkam,IN,2023-01-04 12:40:35,13.2167,80.3167,82.49,68,25,12.93
381,Alice Springs,AU,2023-01-04 12:37:34,-23.7,133.8833,67.55,88,100,0.0
382,Wladyslawowo,PL,2023-01-04 12:40:36,54.7909,18.4009,39.94,84,100,21.25
383,Constitucion,CL,2023-01-04 12:40:36,-35.3333,-72.4167,67.64,57,0,4.45
384,Ngunguru,NZ,2023-01-04 12:40:37,-35.6167,174.5,67.86,96,100,25.08
385,Mayskiy,RU,2023-01-04 12:40:37,47.6931,40.1025,42.21,62,100,12.75
386,Ust-Kut,RU,2023-01-04 12:40:38,56.7938,105.7672,-4.23,100,100,2.57
387,Youghal,IE,2023-01-04 12:40:38,51.95,-7.8506,52.56,87,91,21.45
388,Nivala,FI,2023-01-04 12:40:39,63.9167,24.9667,6.13,99,66,2.71
389,Fortuna,US,2023-01-04 12:40:39,40.5982,-124.1573,56.32,41,75,25.32
390,Livingston,GB,2023-01-04 12:37:38,55.9029,-3.5226,49.3,88,75,13.8
391,Mapastepec,MX,2023-01-04 12:40:40,15.4333,-92.9,73.09,82,0,3.98
392,Dingle,PH,2023-01-04 12:40:40,10.9995,122.6711,73.42,96,100,5.7
393,Neuquen,AR,2023-01-04 12:40:23,-38.9516,-68.0591,75.09,41,0,4.61
394,Ahuimanu,US,2023-01-04 12:40:40,21.4447,-157.8378,71.31,95,99,1.01
395,Springdale,US,2023-01-04 12:40:41,36.1867,-94.1288,33.71,86,0,8.05
396,Hualmay,PE,2023-01-04 12:40:41,-11.0964,-77.6139,70.03,82,100,2.39
397,Tadine,NC,2023-01-04 12:40:41,-21.55,167.8833,75.34,83,54,6.6
398,Uvarovo,RU,2023-01-04 12:40:42,51.9849,42.2615,31.48,85,100,13.89
399,Liverpool,GB,2023-01-04 12:39:18,53.4106,-2.9779,56.14,77,40,26.46
400,Pontianak,ID,2023-01-04 12:40:42,-0.0333,109.3333,75.18,94,75,5.75
401,Ouallam,NE,2023-01-04 12:40:43,14.3188,2.0866,84.85,15,12,14.83
402,Maravilha,BR,2023-01-04 12:40:43,-26.7608,-53.1725,74.8,82,0,5.01
403,Herat,AF,2023-01-04 12:40:37,34.5,62.0,45.01,37,0,2.01
404,Kologriv,RU,2023-01-04 12:40:44,58.8275,44.3178,4.06,97,64,6.31
405,Touros,BR,2023-01-04 12:40:44,-5.1989,-35.4608,84.34,62,86,13.8
406,Seitin,RO,2023-01-04 12:40:45,46.1,20.85,47.95,51,0,5.21
407,Yaan,NG,2023-01-04 12:40:45,7.3833,8.5667,96.17,14,47,10.98
408,Alta Floresta,BR,2023-01-04 12:40:45,-9.8756,-56.0861,73.49,91,100,2.84
409,Presidente Epitacio,BR,2023-01-04 12:40:46,-21.7633,-52.1156,75.65,85,99,8.19
410,San Jose,US,2023-01-04 12:39:01,37.3394,-121.895,55.49,76,100,12.66
411,Nieuw Amsterdam,SR,2023-01-04 12:40:46,5.8833,-55.0833,79.02,89,40,6.91
412,Kloulklubed,PW,2023-01-04 12:40:47,7.0419,134.2556,77.5,77,69,15.99
413,Biak,ID,2023-01-04 12:40:47,-0.9131,122.8766,78.31,84,98,1.25
414,Ca Mau,VN,2023-01-04 12:40:47,9.1769,105.15,78.78,71,100,4.12
415,Pleasanton,US,2023-01-04 12:40:48,37.6624,-121.8747,54.55,91,100,4.61
416,Bulungu,CD,2023-01-04 12:41:48,-4.55,18.6,88.68,51,59,2.06
417,Denpasar,ID,2023-01-04 12:41:49,-8.65,115.2167,82.06,83,40,19.57
418,Bubaque,GW,2023-01-04 12:41:49,11.2833,-15.8333,77.04,41,5,2.53
419,Erenhot,CN,2023-01-04 12:41:49,43.6475,111.9767,16.75,54,6,8.39
420,Suhbaatar,MN,2023-01-04 12:41:50,50.2314,106.2078,-20.24,100,47,1.57
421,Belaya Gora,RU,2023-01-04 12:41:50,68.5333,146.4167,-49.92,100,69,0.72
422,Kiunga,PG,2023-01-04 12:41:51,-6.1219,141.2906,74.41,94,100,3.47
423,Nakonde,ZM,2023-01-04 12:41:51,-9.3421,32.745,71.58,69,100,1.43
424,Zhanakorgan,KZ,2023-01-04 12:41:51,43.9098,67.2495,36.97,76,100,12.55
425,Chifeng,CN,2023-01-04 12:41:52,42.2683,118.9636,18.64,54,100,5.7
426,Axim,GH,2023-01-04 12:41:52,4.8699,-2.2405,87.4,50,25,7.92
427,Oildale,US,2023-01-04 12:41:52,35.4197,-119.0195,59.88,87,20,3.44
428,La Asuncion,VE,2023-01-04 12:41:53,11.0333,-63.8628,76.84,78,85,10.96
429,Erzin,TR,2023-01-04 12:41:53,36.9559,36.2,60.78,26,0,3.44
430,Coahuayana,MX,2023-01-04 12:41:53,18.7333,-103.6833,67.75,65,0,4.21
431,Strezhevoy,RU,2023-01-04 12:41:54,60.7333,77.5889,4.06,95,78,6.87
432,Leh,IN,2023-01-04 12:40:59,34.1667,77.5833,2.07,59,0,2.98
433,Boulder,US,2023-01-04 12:39:00,40.0833,-105.3505,26.33,70,40,8.05
434,Dong Hoi,VN,2023-01-04 12:41:55,17.4833,106.6,64.0,87,100,9.73
435,The Valley,AI,2023-01-04 12:41:14,18.217,-63.0578,80.1,73,20,14.97
436,Najran,SA,2023-01-04 12:38:29,17.4924,44.1277,81.25,16,5,12.5
437,Vardo,NO,2023-01-04 12:41:55,70.3705,31.1107,31.98,69,75,18.41
438,Coihaique,CL,2023-01-04 12:41:56,-45.5752,-72.0662,60.75,67,40,4.61
439,Saint Anthony,US,2023-01-04 12:41:56,45.0205,-93.218,32.25,95,100,11.5
440,Anchorage,US,2023-01-04 12:41:42,61.2181,-149.9003,33.73,86,100,16.11
441,Clinton,US,2023-01-04 12:41:56,42.587,-82.9199,48.43,94,100,3.44
442,Calvinia,ZA,2023-01-04 12:41:57,-31.4707,19.776,73.22,40,40,10.36
443,Maningrida,AU,2023-01-04 12:41:57,-12.0667,134.2667,78.8,89,100,8.57
444,Christchurch,NZ,2023-01-04 12:40:28,-43.5333,172.6333,63.91,83,100,6.91
445,Tiarei,PF,2023-01-04 12:41:58,-17.5333,-149.3333,78.82,83,100,13.85
446,Byron Bay,AU,2023-01-04 12:41:58,-28.65,153.6167,70.95,94,100,9.22
447,Pemba,MZ,2023-01-04 12:41:58,-12.974,40.5178,86.7,70,75,14.97
448,Nedjo,ET,2023-01-04 12:41:59,9.5046,35.5019,78.69,24,18,6.38
449,Hay River,CA,2023-01-04 12:40:20,60.8156,-115.7999,12.16,85,100,2.3
450,Bereda,ES,2023-01-04 12:41:59,43.2686,-7.5406,56.57,78,26,3.6
451,Honningsvag,NO,2023-01-04 12:42:00,70.9821,25.9704,29.95,80,75,3.44
452,Beringovskiy,RU,2023-01-04 12:42:00,63.05,179.3167,-18.29,93,98,11.41
453,Gold Coast,AU,2023-01-04 12:42:00,-28.0,153.4333,78.01,96,75,12.66
454,Merauke,ID,2023-01-04 12:42:01,-8.4667,140.3333,82.54,81,100,5.12
455,Pontes E Lacerda,BR,2023-01-04 12:42:01,-15.2261,-59.3353,71.82,98,100,5.73
456,Kabompo,ZM,2023-01-04 12:42:02,-13.5927,24.2008,72.72,81,100,2.28
457,Ekibastuz,KZ,2023-01-04 12:42:03,51.6667,75.3667,19.87,81,44,19.95
458,Mangaldai,IN,2023-01-04 12:42:04,26.4333,92.0333,64.33,56,0,4.47
459,Menongue,AO,2023-01-04 12:43:05,-14.6585,17.691,78.55,47,93,9.71
460,Swan Hill,AU,2023-01-04 12:43:05,-35.3378,143.5544,61.36,53,0,16.26
461,Camacha,PT,2023-01-04 12:43:06,33.0833,-16.3333,63.82,59,40,16.11
462,Homer,US,2023-01-04 12:43:07,59.6425,-151.5483,35.49,75,100,16.11
463,Kamaishi,JP,2023-01-04 12:43:07,39.2667,141.8833,28.56,62,28,8.61
464,Jiwani,PK,2023-01-04 12:43:08,25.05,61.7417,70.41,32,0,9.6
465,Poum,NC,2023-01-04 12:43:08,-20.2333,164.0167,78.39,71,39,10.36
466,San Ramon De La Nueva Oran,AR,2023-01-04 12:43:09,-23.1322,-64.326,82.42,46,91,0.98
467,Hokitika,NZ,2023-01-04 12:43:10,-42.7167,170.9667,63.36,79,100,5.79
468,Sukumo,JP,2023-01-04 12:43:10,32.9333,132.7333,39.31,70,8,7.27
469,Ola,RU,2023-01-04 12:43:11,59.5833,151.2833,-4.86,75,52,9.06
470,Khandyga,RU,2023-01-04 12:43:11,62.6667,135.6,-36.71,96,100,1.48
471,Mogadishu,SO,2023-01-04 12:43:11,2.0371,45.3438,84.07,70,20,23.02
472,Kiama,AU,2023-01-04 12:43:13,-34.6833,150.8667,65.37,93,100,5.01
473,Burdur,TR,2023-01-04 12:41:25,37.7203,30.2908,47.1,37,0,5.75
474,Kabo,CF,2023-01-04 12:43:14,7.6994,18.629,98.51,16,90,7.43
475,Port Hardy,CA,2023-01-04 12:43:15,50.6996,-127.4199,42.98,87,100,17.27
476,Cabildo,AR,2023-01-04 12:43:15,-38.4842,-61.8954,82.8,19,0,13.67
477,Lucea,JM,2023-01-04 12:43:16,18.451,-78.1736,76.86,77,5,16.73
478,Avon Lake,US,2023-01-04 12:43:05,41.5053,-82.0282,57.2,92,100,9.22
479,San Lorenzo,PY,2023-01-04 12:43:17,-25.3333,-57.5333,76.14,68,0,8.99
480,Flinders,AU,2023-01-04 12:43:18,-34.5833,150.8552,65.17,89,100,10.0
481,Coro,VE,2023-01-04 12:43:19,11.4045,-69.6734,76.71,79,11,9.24
482,Gariaband,IN,2023-01-04 12:43:20,20.635,82.0614,70.14,52,55,5.1
483,Killybegs,IE,2023-01-04 12:43:20,54.6333,-8.45,49.71,87,97,25.68
484,Kangaatsiaq,GL,2023-01-04 12:43:21,68.3065,-53.4641,-6.59,87,21,12.5
485,Derzhavinsk,KZ,2023-01-04 12:41:23,51.1,66.3167,28.69,96,100,21.05
486,Pacific Grove,US,2023-01-04 12:43:23,36.6177,-121.9166,54.09,90,100,5.75
487,Punuare,HN,2023-01-04 12:43:24,14.7333,-85.9667,75.96,86,99,1.86
488,Kapoeta,SS,2023-01-04 12:43:24,4.7717,33.5903,95.54,10,0,18.5
489,Colares,PT,2023-01-04 12:43:25,38.7992,-9.4469,60.17,69,0,9.22
490,Bhuj,IN,2023-01-04 12:40:29,23.2667,69.6667,63.37,28,0,12.37
491,Bahir Dar,ET,2023-01-04 12:43:27,11.5936,37.3908,76.21,24,9,6.85
492,Makakilo City,US,2023-01-04 12:43:27,21.3469,-158.0858,70.12,91,100,4.61
493,Bonfim,BR,2023-01-04 12:43:29,3.0833,-59.95,75.87,82,100,6.71
494,Tabou,CI,2023-01-04 12:43:29,4.423,-7.3528,85.55,56,15,7.14
495,Katsuura,JP,2023-01-04 12:43:30,35.1333,140.3,43.56,50,27,13.91
496,Henties Bay,NA,2023-01-04 12:43:31,-22.116,14.2845,68.13,75,44,11.77
497,Kadoma,JP,2023-01-04 12:43:31,34.7333,135.5833,46.38,67,66,5.75
498,La Grande,US,2023-01-04 12:43:33,45.3246,-118.0877,31.77,94,93,5.1
499,Korsor,DK,2023-01-04 12:43:33,55.3299,11.1386,44.98,100,100,22.08
500,Ilulissat,GL,2023-01-04 12:43:34,69.2167,-51.1,1.42,42,0,11.5
501,Bella Union,UY,2023-01-04 12:43:36,-30.2752,-57.6007,84.11,24,0,9.08
502,Kislovodsk,RU,2023-01-04 12:43:36,43.9133,42.7208,38.84,77,78,3.83
503,Algiers,DZ,2023-01-04 12:41:18,36.7525,3.042,60.62,63,75,5.75
504,Zilair,RU,2023-01-04 12:43:37,52.2332,57.4392,30.02,97,100,12.8
505,Ninghai,CN,2023-01-04 12:43:37,29.2892,121.4247,48.7,75,100,0.49
506,Sao Geraldo Do Araguaia,BR,2023-01-04 12:43:37,-6.4006,-48.555,79.9,87,98,1.3
507,Armizonskoye,RU,2023-01-04 12:44:38,55.9461,67.6736,-0.29,95,100,4.56
508,Sale,MA,2023-01-04 12:44:38,34.0389,-6.8166,65.08,63,40,5.75
509,Bumba,CD,2023-01-04 12:44:39,2.1833,22.4667,93.02,32,34,6.22
510,Akyab,MM,2023-01-04 12:44:39,20.15,92.9,72.9,62,12,10.07
511,Zhezkazgan,KZ,2023-01-04 12:44:39,47.8043,67.7144,30.18,86,75,26.84
512,Sao Pedro,BR,2023-01-04 12:44:40,-22.5486,-47.9139,72.66,85,100,9.93
513,Peniche,PT,2023-01-04 12:44:40,39.3558,-9.3811,59.94,54,13,4.88
514,Marawi,PH,2023-01-04 12:44:40,7.9986,124.2928,68.54,97,100,1.9
515,Gondar,ET,2023-01-04 12:44:41,12.6,37.4667,73.89,23,99,5.64
516,Umm Kaddadah,SD,2023-01-04 12:44:41,13.6017,26.6876,80.92,18,3,17.69
517,Praia Da Vitoria,PT,2023-01-04 12:44:42,38.7333,-27.0667,62.85,82,40,23.35
518,Kuandian,CN,2023-01-04 12:44:42,40.7286,124.7847,9.86,83,10,3.0
519,Margate,GB,2023-01-04 12:44:42,51.3813,1.3862,56.88,77,100,8.01
520,Lincoln,US,2023-01-04 12:39:54,40.8,-96.667,30.29,83,75,14.97
521,Batticaloa,LK,2023-01-04 12:44:43,7.7102,81.6924,77.74,79,77,13.4
522,Qixingtai,CN,2023-01-04 12:44:43,30.4135,111.8874,50.77,35,67,4.43
523,Peace River,CA,2023-01-04 12:44:44,56.2501,-117.286,5.65,97,0,8.05
524,Moyale,KE,2023-01-04 12:44:44,3.5167,39.0584,86.05,19,0,19.17
525,San Matias,BO,2023-01-04 12:44:44,-16.3667,-58.4,74.03,95,100,7.56
526,Bhatkal,IN,2023-01-04 12:44:45,13.9667,74.5667,78.64,72,0,6.44
527,Mayo,US,2023-01-04 12:44:16,38.8876,-76.5119,60.15,90,0,4.61
528,Ampanihy,MG,2023-01-04 12:44:45,-24.7,44.75,73.81,81,100,5.21
529,Znamenskoye,RU,2023-01-04 12:44:45,57.1281,73.8282,13.59,97,96,3.91
530,Belomorsk,RU,2023-01-04 12:44:46,64.5232,34.7668,22.62,81,100,15.39
531,Sansepolcro,IT,2023-01-04 12:44:46,43.5747,12.143,56.93,73,100,0.76
532,Mount Isa,AU,2023-01-04 12:44:46,-20.7333,139.5,78.57,83,100,8.05
533,Kenai,US,2023-01-04 12:44:47,60.5544,-151.2583,32.05,64,20,28.77
534,Sumbe,AO,2023-01-04 12:44:47,-11.2061,13.8437,84.07,67,18,11.3
535,Umm Bab,QA,2023-01-04 12:44:47,25.2142,50.8072,71.49,59,95,8.1
536,Groningen,NL,2023-01-04 12:42:46,53.25,6.75,55.02,90,100,20.71
537,Petrolina,BR,2023-01-04 12:44:48,-9.3986,-40.5008,80.65,78,75,9.22
538,Lata,PT,2023-01-04 12:44:48,40.1629,-8.3327,61.07,44,58,1.72
539,Pleasant Point,NZ,2023-01-04 12:44:49,-44.2667,171.1333,63.28,96,100,1.19
540,Thinadhoo,MV,2023-01-04 12:44:49,0.5333,72.9333,80.83,67,100,9.48
541,Manokwari,ID,2023-01-04 12:44:49,-0.8667,134.0833,80.47,83,100,7.34
542,East Wenatchee,US,2023-01-04 12:44:49,47.4157,-120.2931,33.85,93,100,0.0
543,Boralday,KZ,2023-01-04 12:44:50,43.3578,76.8594,31.86,93,75,2.24
544,Soyo,AO,2023-01-04 12:44:50,-6.1349,12.3689,83.3,72,100,9.57
545,Nokaneng,BW,2023-01-04 12:44:50,-19.6667,22.2667,82.22,49,100,13.38
546,Anzio,IT,2023-01-04 12:44:51,41.4853,12.6179,65.01,67,100,1.52
547,Atbasar,KZ,2023-01-04 12:44:51,51.8,68.3333,22.78,95,100,16.71
548,Nuuk,GL,2023-01-04 12:44:51,64.1835,-51.7216,16.41,48,20,9.22
549,Urucara,BR,2023-01-04 12:44:52,-2.5364,-57.76,77.81,91,84,2.64
550,Aklavik,CA,2023-01-04 12:44:52,68.2191,-135.0107,-6.92,100,88,0.47
551,Shebunino,RU,2023-01-04 12:44:52,46.4339,141.8603,21.7,64,100,15.86
552,Kununurra,AU,2023-01-04 12:45:53,-15.7667,128.7333,80.58,89,75,0.0
553,Batala,IN,2023-01-04 12:45:53,31.8186,75.2028,49.78,43,0,3.8
554,Canala,NC,2023-01-04 12:45:54,-21.5333,165.95,75.13,80,40,3.56
555,Turtas,RU,2023-01-04 12:45:54,58.9417,69.1325,9.28,96,100,6.24
556,Half Moon Bay,US,2023-01-04 12:45:54,37.4636,-122.4286,54.45,92,100,12.66
557,Kirakira,SB,2023-01-04 12:45:55,-10.4544,161.9205,78.53,90,100,3.38
558,Puerto Madero,MX,2023-01-04 12:45:55,14.7208,-92.4215,75.76,82,1,6.89
559,Isangel,VU,2023-01-04 12:45:55,-19.55,169.2667,80.71,83,75,2.3
560,Tandil,AR,2023-01-04 12:45:56,-37.3217,-59.1332,76.68,39,4,7.27
561,Fort-Shevchenko,KZ,2023-01-04 12:45:56,44.5086,50.263,43.2,87,15,7.25
562,Kargopol,RU,2023-01-04 12:45:56,61.5071,38.9456,10.33,94,100,7.36
563,Chumikan,RU,2023-01-04 12:45:56,54.7183,135.315,-7.42,83,75,19.28
564,Cabadiangan,PH,2023-01-04 12:45:57,9.7531,122.4739,76.5,87,100,4.83
565,Vorukh,TJ,2023-01-04 12:45:57,39.8494,70.5838,31.82,71,51,7.38
